A0/A0-exact-candidate-record.md	6589f46f37089dd90d7b6cb5443a480820d0cfdab41b88af5fbbc624a7d57665
A0/A0-landing-equivalence.md	1bad56b1150f2152b01d3027dbe28e8245c6a9c653a7b1ecd5372f4637751678
A0/branch-screen.md	c362e0dcf709f48b6ea90d145b387ea1dd500c9771b31d1bd80d1ecfde7c97b0
A0/command-proofs/01-tracked_paths_no_machine_roots.txt	53a0149388b72eba5db1b0076e40a2caa85f801a9dacbaf460814ec145490c9e
A0/command-proofs/02-tracked_paths_are_portable.txt	e9010268163de006867e606d10bb8f8f29e5633cdf59e97f69000252de92c2b1
A0/command-proofs/03-analysis_config_paths_never_committed.txt	0e0f37045fddc8871a9786160f4288e6c3ea98b7c2551c487b59cf6da0367661
A0/command-proofs/04-node-test-validate-program-state.txt	f637c76c322bc5d0b80566422eb29951b312768c1e410eabc369e0295a13d230
A0/command-proofs/05-validator-template-mode.txt	e043a503108220665972333b5a9ee38fd8d15437cb7cd25c599fad4f8db0cef9
A0/command-proofs/06-validator-live-mode.txt	75f4ddc1bbc103c100dfb918eb8352f14a34464122e8b9e71f6ce6b84b0e8ff9
A0/command-proofs/07-stub-experiment.txt	e2bb40f71fe83f830d592a3444b85c290afa75402843c6c8f38bc3b1dd0c6d17
A0/command-proofs/08-falsification-rejections.txt	a04ebefa21f15744b7fbce5c47a7ddb289039f9e47fb7bccd054b403e43fcc19
A0/command-proofs/09-validator-live-mode-post-acceptance.txt	75f4ddc1bbc103c100dfb918eb8352f14a34464122e8b9e71f6ce6b84b0e8ff9
A0/command-proofs/index.md	02fed1eee46172d0d57f9dc4748b644f6e5d3747137a569ed341aae29d51ce18
A0/context-packet.md	d70534bd934f042c752439838dca6ec11076c2f1219199df763aa548ec07b75f
A0/entry-lock.toml	e3140bceb2b5439906dd879ef9844a7bc47b5e2b66ad8c4b3861cd0ca557963e
A0/historical/A0-record.md	ff84af790735ad09a2b0deec72352c938b70ff986bcf5bee6a813be84cf5b0fb
A0/historical/facts.md	c849eac30852436981c0c783a88f6920bc78f0364894e38a92d29dc6f04f9bd8
A1/A1-exact-candidate-record.md	6692a9820a31fca3cfb959033d4fb256390eef5ad4ca1ae999ba9cd3c0c37cad
A1/A1-landing-equivalence.md	b7c8d44310f5cfa48d5de8379e28606881732cf8310f44de1ce0005e9f378fc6
A1/command-proofs/00b-gate-ts-prereq-build.txt	022e9a56ba5b02935737a8411038ef245a8443afc3d4c9e0c744728335e11f4e
A1/command-proofs/01-gate-mjs.txt	8c59894b5f463efeeb7ee57f1e1231a3730dfa5bde41682d592eba1d6e3c8ab5
A1/command-proofs/01b-typeinfo-freshness-targeted.txt	b40b3383fb8324c265352c2c729fe0465adfbc919a340b74d3f72c5c1f8e3f6d
A1/command-proofs/01c-css-syntax-targeted.txt	186cf0ed68f1a46949a7c236eb8508b1f22db93d13a3864351e2c4d741c618b6
A1/command-proofs/01d-ignored-tests-dev-archive.txt	821d6a2aa4c7a0213e60319a788da50d1a03ef6c5a7fd2100041568895801dd0
A1/command-proofs/01e-ignored-tests-shipped-archive.txt	ebcec5bdce9c8b9db40352cca27567f70959662a8a1298a801fbf23a3ac96dfa
A1/command-proofs/02-cargo-clippy.txt	26bbe713d1c57f9827629cddc44adb66314f125039135a9907a3f514e681ad3e
A1/command-proofs/03-cargo-check-release.txt	d7b9a756b2c351f374186ad00c77b9acd9e74487c4f67d3106bdf52408999ca3
A1/command-proofs/04-cargo-clippy-wasm.txt	29aec1af0dea671ba890eee6d4ac52f936cd14959d4241fdb38e0fece0d34bd5
A1/command-proofs/05-cargo-fmt-check.txt	81b0d7ae4e3a46b61fdb02173d070ca53e487dc4b777194f8d57fc7097e55b5e
A1/command-proofs/06-cargo-test-doc.txt	ebf6e8e2224b48f5917e029c8ee70716194908600c01c6ed340b88729aeb6420
A1/command-proofs/07-pnpm-install-frozen-lockfile.txt	917e9ff280c12d3d48ab539621a7629ba821ab937ff977532c86160f01deceeb
A1/command-proofs/08-pnpm-test.txt	6e7528c679eff96b28014a0a560944a6ee240e77ad51fe76b16c32f25b41300c
A1/command-proofs/08b-build-ts-prereq.txt	0787977aadef6b156f1c01b75d8f9f216494d15bacc8667bd9c27c3172c41e2a
A1/command-proofs/08c-pnpm-test-no-bail.txt	7b8bec5cfe6a1f1ce176d492117ee287f00ed4658b0b5f1669e8e42b86b286ca
A1/command-proofs/09-pnpm-test-scripts.txt	2a7d7858620fe54706a04499aed569f544e08c788a8953ca1954f471654b724f
A1/command-proofs/10-build-native.txt	c0797c4a1f3fbe753e3e1e44a471dcb27acc7ba4957ef8154a883280d96ac450
A1/command-proofs/11-build-wasm.txt	7856b054a561578cde0a76a8c4c7bd33cee260a8eacf163134af436dbd124a00
A1/command-proofs/11b-playground-wasm-spec.txt	08383643e529bd43a9a40b3624a18c80069acd0efc9834fca6a3c91f45ed4ff5
A1/command-proofs/12-vue-goldens-check.txt	c8328e182b68ee5b41c8f9088b076d323a6ea299b94109185bf3be4f5974f6ed
A1/command-proofs/13-svelte-goldens-check.txt	47cabfebe19ae74569f64f174b3e260c460a7145897907e4cb5d76873a2816c6
A1/command-proofs/14-svelte-conformance-goldens-check.txt	fed608bfc6c2c6034b66b575ec7a711cc767ae7963228630067e8d6b9dcdf491
A1/command-proofs/15-vue-macro-oracle.txt	43c42ab1782a1d8f44cdb7f46490a00eb5c80886639ffa827bc90fb24b3dcf1e
A1/command-proofs/16-corpus-gate-armed.txt	62a1fe07fe4f623ec86f8cfe29e68bc39bc6c7ceec46c24b1de01b562a4ac030
A1/command-proofs/16r-corpus-gate-receipt.json	1a7d5d8ed443076ec380195686198b26ee6fe17d68a07d10f112661a6f63de47
A1/command-proofs/17-svelte-name-parity-check.txt	fb1bd04514e2ff702333b7b0eb553625fe2d482f2a3ebbe9e5bd23d5f285792c
A1/command-proofs/18-provider-matrix-lsp-neutral.txt	8e26ff51b7ca17b9d726dd4db194afaf86c4c42947023160827d66e3452115f6
A1/command-proofs/18b-lsp-debug-builds.txt	73d582d5542bbe52ace364d541a250ef63d8eda5f7787677f6ae340b21e10529
A1/command-proofs/18r-editor-neutral-receipt.json	1838fcc9f34e776f219f471d23f48be79437d2d9056508206cae18c7670f959b
A1/command-proofs/19-svelte-conformance-check.txt	0f1a560b8148dbed5e58c33a775bc064838bf8ddb56fd271c37933cb024e0dfd
A1/command-proofs/20-svelte-oracle-live.txt	ea9c6883f1937371c30e3b0521a08fbf0ac1209d1419c4a79da42b0e34e733eb
A1/command-proofs/21-trybuild-rerun-1.txt	f6b7a22dd1b924e0386c840bd0cbeea1238e1bba4d0e7e6a111d362d6fbf16b5
A1/command-proofs/21-trybuild-rerun-2.txt	0208e511d2d30652981a2826325ac8384afb77f65d194dfc73c3f5448208904b
A1/command-proofs/21-trybuild-rerun-3.txt	f5d81e9dcb93b61067c67dafaf0f633ccca4432ac39572c5a9de78ac51e73f6b
A1/command-proofs/21-trybuild-rerun-4.txt	fae08889a077e99812bd5984b4d8130d53414a2e5be53a8b84a53fe03847c6a9
A1/command-proofs/index.md	fea7828a344768effe2091a3780baab416f63410dc7b20881d3926e3abaf5127
A1/context-packet.md	244d9d14b6123b2ef7c084cd7ecda33ef8182ef57e1c04ed005b14f9a1c21f67
A1/environment.md	be905789c3dc3163094558518d65fe52b8929c37c61244d7d12b501b0cc1f9e7
A1/historical/round1/A1-exact-candidate-record.md	e1f6db519c5cc5241941484a620d698401e20c94d7d61ee2e01d8dfe930fb28c
A1/historical/round1/command-proofs/00b-gate-ts-prereq-build.txt	1837bb3e6efee93f84b523b53cff823fe4047e77683215da4b9480f9c07399d9
A1/historical/round1/command-proofs/01-gate-mjs.txt	d6e211153c23a674678280fcd9519ca87ba88715097c20600e2032e267a83e12
A1/historical/round1/command-proofs/02-cargo-clippy.txt	9418cdf188cdab8bafe803aa64c9224176f5a309de4f88bd8aea3be1e266d5d8
A1/historical/round1/command-proofs/03-cargo-check-release.txt	4ec650b1a48ca663f769238c3bd03bb004d8ca18664da9b1467c2dc8f72b772a
A1/historical/round1/command-proofs/04-cargo-clippy-wasm.txt	d7b5ac68a28ab2d4562d815c25853a63c1eae4398585da8415570db034e970c3
A1/historical/round1/command-proofs/05-cargo-fmt-check.txt	1d77feacf7cd43e4cab3e116fdd07823c01878a94f3b4b1ee05a2cf26a138013
A1/historical/round1/command-proofs/06-cargo-test-doc.txt	16a1d23338b1c8fbd21ed1bfddd12a61d814d22c23f825413041152d12fe6f7e
A1/historical/round1/command-proofs/07-pnpm-install-frozen-lockfile.txt	628431e3dc5c4211b75b86b09bd7508cda7d5a8a3903157d0832b5e70d52fa79
A1/historical/round1/command-proofs/08-pnpm-test.txt	69cc801d380febeb2fcbc15cedc2aad46fc44ef4f29928b865c817a45e81a1f1
A1/historical/round1/command-proofs/08b-build-ts-prereq.txt	7edca239d11c6d56006b40a633719d96a8517a11badf49139e81fa050ffb4b6c
A1/historical/round1/command-proofs/08c-pnpm-test-no-bail.txt	3368bc916f4b1ff6257df7bec854933163fee501e00108decef97ffb0bdf67f7
A1/historical/round1/command-proofs/09-pnpm-test-scripts.txt	8e4966db3d713716df1cd0b9292baf5ec7e7b57eb525e3a38b07cffb06ec2b0c
A1/historical/round1/command-proofs/10-build-native.txt	ef571b62f25707eab01f44a70aa8832473933fa276d9e5aa8a9cb58d6996b69a
A1/historical/round1/command-proofs/11-build-wasm.txt	57aea41948fe534ad7e91620a3db56a0b5d389dcf2559dfac3266687ee592d2d
A1/historical/round1/command-proofs/11b-playground-wasm-spec.txt	eb7116912118991957dcd29b840f1048f8aeeaa87d98c1e681908fa2a6f94b23
A1/historical/round1/command-proofs/12-vue-goldens-check.txt	523bc19e1fd55543f5fa1b7df31d1d5644c1ea7323df3a3871b1fb1994bb54a8
A1/historical/round1/command-proofs/13-svelte-goldens-check.txt	92605a42105ebf2e2e0c2e365fd4788717217b4ad245de6a4cd7efa069b923f1
A1/historical/round1/command-proofs/14-svelte-conformance-goldens-check.txt	835a948b30e9039b5303603a307bf60c6b3f51e275fa6c35be7b43ab492db5b7
A1/historical/round1/command-proofs/15-vue-macro-oracle.txt	82128954607a88b9a35a4576169a27a4e30f8178d646f5c6b47885d2fb9ba9b7
A1/historical/round1/command-proofs/16-corpus-gate-skip.txt	99ab34a3401a7c1a52884fe8f2d42ae6c4bd0d066552292501e012c23f4b5cce
A1/historical/round1/command-proofs/17-svelte-name-parity-check.txt	77b27fbdefb6081f9057c36e65368f9f49085dc8bda6e1ea6b6feb63626ac465
A1/historical/round1/command-proofs/18-provider-matrix-lsp-neutral.txt	2e39434c55ea9c63d64afd10428a139fb8e89b075dedb9ffe3746d4ceefa039e
A1/historical/round1/command-proofs/18b-lsp-debug-builds.txt	cca06dd4f36880872261bf14cc17e7066b3af878845307a9fba73713336948d8
A1/historical/round1/command-proofs/18r-editor-neutral-receipt.json	f37945d7ed00b5d27dcc20fdab404eb16c27bbcba6443dc9e3f06d0eed7a9f38
A1/historical/round1/command-proofs/19-svelte-conformance-check.txt	f42b9f2ac95dc49f8ede771cc42eb58b7d1d771a38b57b55feaee3f53d7b5cc6
A1/historical/round1/command-proofs/20-svelte-oracle-live.txt	730a25dc72866472bfaa7363d0e04dc00c09f3ff70367ecd6cc656311f6b5302
A1/historical/round1/command-proofs/index.md	f1bd36b6b97c356f50a7224013377d50a9f38300d1621ea48baff6334f38da95
A1/historical/round1/context-packet.md	0bdab0e8fadef31e40d69fdd337a780d2d7c02f9130cd35974009266ee7cd7a2
A1/historical/round1/environment.md	9a32cf7507de083979d9700baddc8bdcc94e1028b79b19ef1c9356ed44a3ee95
A1/historical/round1/sentinel-runs/fmt-negative-control.txt	d396034da028b9f1be30dfeae49ad9ffdb87d938375c5097424af39920ea40c2
A1/historical/round1/sentinel-runs/sentinel-A-gate-planted-raw.txt	45578bc4bf19c4477bd09ffabc78db6bb9c6db9f4840e8d7fb88309bed59f634
A1/historical/round1/sentinel-runs/sentinel-A-gate-restored-raw.txt	3fddf01b4a486734ab446ebcab2033fafd54d173a9a7a5abfaba728bfdf6abeb
A1/historical/round1/sentinel-runs/sentinel-A-gate.txt	c50c8770e498363a0c7602bc8eefda155ff29ae1b21450e0311b5a0f9dbe2fa0
A1/historical/round1/sentinel-runs/sentinel-B-vitest-planted-raw.txt	9bb1bd2b8a67f522ea9dd2f58adc30f42b1c0eb7610e32d8df83caadaa88f55b
A1/historical/round1/sentinel-runs/sentinel-B-vitest-restored-raw.txt	f070073c414fc128b59badb9adaab8be055d0605bcab65bb4f6cab0d2cc362f0
A1/historical/round1/sentinel-runs/sentinel-B-vitest.txt	7950a0973974e3cefccfb72cb6b51b994977774c823b75b71992afc5b882b564
A1/historical/round1/sentinel-runs/sentinel-B2-planted-raw.txt	fbb0a2a492f6a2e509c913e2809a9a4cac330da1fd6520b9c756fe0424a11216
A1/historical/round1/sentinel-runs/sentinel-B2-restored-raw.txt	937b4adb3a7d0657faf00e6ca192c7c4a213a2ac4cab41a9c9efba924108800f
A1/historical/round1/sentinel-runs/sentinel-B3-planted-raw.txt	d3eab9fbdd39b49f0e9b18a32017db78abacad93d28acb17db548357baac0542
A1/historical/round1/sentinel-runs/sentinel-B3-restored-raw.txt	fa033e1002796f195a641bcf552a2728e2db56ac8e1717dc064531d576820206
A1/historical/round1/sentinel-runs/sentinel-C-vue-goldens.txt	6237ae70c719d7224915630691ea2dab4d3676fbf5d50b3767c0fdf117fbbe5a
A1/historical/round1/sentinel-verification.md	852e50626e6876e947bdf4283926b6a85d1d84eaab3b959d5eb2b3e571c601ee
A1/sentinel-runs/fmt-negative-control.txt	764d6335e31dd68693a830cc169c08ec6cc89d5cfd7f874707a2d2276dfee2e7
A1/sentinel-runs/fmt-negative-planted-raw.txt	4e162e17f0101ce3a0c63c7baa2dba1b31db428b8c39022df35118a946e37e86
A1/sentinel-runs/fmt-negative-restored-raw.txt	28e30a171b932e529ffa31e7fe877a920f31a06fa8dad9010e761338a0b5ec24
A1/sentinel-runs/sentinel-A-gate-planted-raw.txt	9487b74e190ffd2f0964fd549a473bcf4293e432e1d1c373a20691055e76cbf7
A1/sentinel-runs/sentinel-A-gate-restored-raw.txt	befc88ac39ea9c3cd3500270f77462e59d2c416db63d93b1b409a72f16944921
A1/sentinel-runs/sentinel-A-gate.txt	51e78f5cd1624d3754611ed3a1b501783130581636c355e4d91f50e8223acf3e
A1/sentinel-runs/sentinel-B-canonical-planted-raw.txt	d672ba88c84d3da0f47a9fe6c97a5a9f040a0f361d514029fe5160fbb8ff15e3
A1/sentinel-runs/sentinel-B-nobail-planted-raw.txt	6d0c0f965c47be59f4a6a88e745967f94efa3c9996778779e6a0434900f8b2e8
A1/sentinel-runs/sentinel-B-nobail-restored-raw.txt	45cf01e106ac7480596c8b0267ff2e6245c85601a2bf80edec6a12b4cc59524d
A1/sentinel-runs/sentinel-B-vitest.txt	c13d1c5399305095fd5ba95ce0d6377bc30375b2edc237385b88dcb7a27a3bf0
A1/sentinel-runs/sentinel-C-planted-raw.txt	574aa5ca4652853c95452b63df05bb6c5522c1ce88d88610b07830e3ed372b0c
A1/sentinel-runs/sentinel-C-restored-raw.txt	045915be177268ae8f1ffd74cde31a3c54a71092ad22312a68dabb50db25cf81
A1/sentinel-runs/sentinel-C-vue-goldens.txt	95a40581d8d2918a886db66d3cc897764e8f927e5335887f170f05aebd8dde23
A1/sentinel-runs/sentinel-D-corpus-gate.txt	2a05847becfd9b55c5c5790b0bf518719ad707dd759f2064c12f8b58e2399954
A1/sentinel-runs/sentinel-D-lsp-build.txt	9eb6fdd624ac9ab11e932e2119f05741a417dde1fc1505568fddb84a6297ee5f
A1/sentinel-runs/sentinel-D-planted-raw.txt	963b28a8d2774d309fe36f369939e3e0699379bc71b00af192ce0a5e69e7de20
A1/sentinel-runs/sentinel-D-restored-raw.txt	7680dec1f0304a25a08edc88236f05c94cd2845adbbe4dab79f4c887c7cf5edb
A1/sentinel-runs/sentinel-E-check-release.txt	45f5612ee52c65725715528d80263ae4304b903c7615f6a4cab630ca5e91d5cb
A1/sentinel-runs/sentinel-E-planted-raw.txt	cdbedf4219f075ea246c0738b286cba1887bf9a60fa5e63ce0f7daadcc7e78e9
A1/sentinel-runs/sentinel-E-restored-raw.txt	a1f08910eaa47b895c240da7d5758d4d03a65fdcc82024ecd6ee11bf28dc4ee2
A1/sentinel-verification.md	d1d3bf75dec121a1a134aa51d4d3d512d334c991a839bb5bba25e0b45daa999a
A2C/A2C-LAYOUT-CORRECTION.md	d8a1ee97601fc68f6072600138a02097cd582e650f8d680b4d2109b320f757c1
A2C/A2C-RECALIBRATION.md	c6e954213ef8b8ac98113af90fa9648ea953a2e7f75cb29f58d6db11c554d9fe
A2C/A2C-SLO-FREEZE.md	9ea362536ae7df55b6ec68b75be8f0121e8bc5c765236bbc86e709ce8ddc2122
A2C/A2C-SPEC-REVISION.md	57f5b45f91a17dabe28b5e914c7279c7b0553746f6a24eab0481827cd41d7bd6
A2C/A2C-SPEC-V3-AMENDMENT-1.md	8b05fb3e845cf747fe5bf20e963d7c52cb29cfd8c85f40a9a96e2935dadc9e81
A2C/A2C-SPEC-V3.md	6141a071d16620e9741122cde30d21f6e107a7bcdac8f19413a12e698877144f
A2C/A2C-SPEC.md	bab16474d0fee678c50fb8eba2f5762f98379fc6ee7aa73e0a44cead5665dd34
A2C/A2C-SPEC.superseded.md	bab16474d0fee678c50fb8eba2f5762f98379fc6ee7aa73e0a44cead5665dd34
A2C/A2C-exact-candidate-record.md	c22d21b034d86b9d57557f47984d00b17c3fbbdef5bf505e36736e2c76943182
A2C/LATENCY-GATE-STOP-FINDING.md	93bbfdf2ab26ef21960dfe8ac623a970ef5dd9dfdf3ef5b597ef4be76bdfa7ef
A2C/LAYOUT-LOCK-STOP-FINDING.md	50f0fa9878d968a5766bef067aa105d1f481a8a8ffb70c7786b7ed87b77365ca
A2C/RESCOPE-PROPOSAL.md	eb59531cf50c2f006b6efb8e37ee623550aafb84b6263e09b7766b30ffa3f071
A2C/STOP-FINDING.md	d0558ed7569b94bce371c058bdf22a64d144a06f37e4f6d674983693d211ddc7
A2C/benchmark-equivalence-correction.md	2c4ba4b7e3da89c49912a32dbb57c250c857494beab863ed0c5c59a8fec1b98b
A2C/benchmark-noise-floor.md	3a149eca1c11f35b76082526e8112ded86cc05b206f33aa27cf26a69f3e2ee5b
A2C/benchmark-predeclaration.md	a1e93b1560bcdfc7c228edf4f668bc84a6456369a1ed9af2e32294f7ef723a22
A2C/command-proofs/a2c-completion-facts-baseline.exe	84e7473e6c72a1458988d275a0dd857f53cde25f6e7ff423bc283337b3cbb668
A2C/command-proofs/a2c-completion-facts-candidate.exe	58b26cf8e3ee9e80e5395c72f423ed83b20f132f54051fd4aaa638a92f21833b
A2C/command-proofs/a2c-stop-restore.patch	9898b20c5b1201fb4ef125e0a0ca6e8bd12fd80b7218edc306c2f34fe3033363
A2C/command-proofs/baseline-bench-build-revision.txt	e96040dd730840a46eb6f4ea2ce292153560d88912b31ca9134b067ae36459a9
A2C/command-proofs/baseline-completion-facts.txt	f9123288365f9e196adb6331e2ef31a6895c6f775e22ef1e832c8386e6879432
A2C/command-proofs/baseline-sample-smoke-revision.txt	ab4c36cc8d01533536b5988ab241521f1cf3dcf3be1a573806cd625ef8648772
A2C/command-proofs/digest-verification.txt	6079d2d5673b864f6aa236d25ce08a18837f37a4538cef70d7fbebaf0c68f92e
A2C/command-proofs/digests.sha256	04bba00f5e29813bddf1dc6f424576e64efbff187d7e1738d02002efdbcb5897
A2C/command-proofs/latency/00-control-calibration.txt	cfb22eb43158f9dad2b65b708ce3a9f8065824b745a9a2bd15cdaccb03999619
A2C/command-proofs/latency/01-control-analysis.txt	f1e922f2b61090b3aa4df719047aea8f68d173df4d30d711be1de538d418017f
A2C/command-proofs/latency/02-control-analysis-node.txt	ef3aa9dfba88ae201c9a5d3b701702bb1ee44995e15654f5b2e1e299a6f7e202
A2C/command-proofs/latency/03-control-analysis-final.txt	291db3b88eef38cf44499072e68951673e3f583f94bb7d36eece2c2d72f2b565
A2C/command-proofs/latency/04-candidate-bench-build.txt	a1450b4750c89aa1c74ecf8e1b9fd350f05319feb92ee2fa57c46cddd0208433
A2C/command-proofs/latency/05-binary-identities.txt	34b5f7fbe3bf994c77cce371d4981353e5f44e832a33e25b94091bd80f56491c
A2C/command-proofs/latency/06-interleaved-40-pairs.txt	653b7cd8c79dac76e452910a53327348bab39a6c03d03b89cfe053f933021cba
A2C/command-proofs/latency/07-equivalent-harness-archives.txt	3618969d2fe9f00136e331addf0da83852e9c86c578b0b4cc9e5dd280a8cc7f5
A2C/command-proofs/latency/08-equivalent-harness-archives-final.txt	e5a3085cdc7f0af2c86114595996a0ba92dc18b925ce5d90628de1421d947e6c
A2C/command-proofs/latency/09-equivalent-harness-archives-final.txt	ced15e128a09f6d6d340240b656cfeabf43fd91be373624c47673e0f4e33733e
A2C/command-proofs/latency/10-equivalent-harness-install-final.txt	3afc983fd6235a884fa8f679aa500d3d474f49bc86b287c7609e3895adb2f556
A2C/command-proofs/latency/11-equivalent-baseline-build.txt	5e5cd9dd0e782a9f540d6ca251b8d00eda44ed89f13d3644efd3f34be5e1d498
A2C/command-proofs/latency/12-equivalent-candidate-build.txt	935bf8728d75fb7fb722d0e1aa9852617bd9656aa47915e682943dba821e4fc9
A2C/command-proofs/latency/13-valid-interleaved-40-pairs.txt	a9b90acc7bb852e4bd7b4dd2f1ad00ca692b3891eac67feb1cca429b9a90884e
A2C/command-proofs/latency/14-valid-bootstrap-analysis.txt	30160aabaf068f371b826d67edfe1bda5005bb181f7f96a121d9c3bdb510aa71
A2C/command-proofs/latency/15-final-candidate-identity-clean.txt	84679d55b199918af777f857c700bf992a1eb5c9c773ec719dcd46b783bfc26f
A2C/command-proofs/latency/16-retained-stop-artifacts-unchanged.txt	f212cb6cd4145cc6296767ad6132c54d4a31fa12248f6d5ce7d0401a30c51015
A2C/command-proofs/layout-lock-contradiction.txt	f9c94623eed936515a14a93d05dc9ede33b7538128f49c4642685f4f74b48163
A2C/command-proofs/performance-stop-final.txt	43a57949cd3ac9b4038126a5f36b733cfb6c26aa86e30a28d20063e8972f964b
A2C/command-proofs/red-before/a2c_catch_terminal_suffix_is_exact_endpoint_absent.txt	e0736cf16e4d742407ef67b3560c479d4973a224b51be9289937bd64ad9dec99
A2C/command-proofs/red-before/a2c_completion_construction_allocates_zero.txt	54e112b320d997197c5c3a23d54162036f6e4a0cf4dff7d0049a1cdf690b64df
A2C/command-proofs/red-before/a2c_completion_construction_is_deterministic_and_linear.txt	1e61af570df5bbafa02a296a0e26d884921f86e4bf2d60b071699808039245cc
A2C/command-proofs/red-before/a2c_completion_facts_are_no_type_expr_send_sync_static.txt	47f382fe494aad0b13f3b2342c8340deadb21c371518de2f0c58f3a2aee6862d
A2C/command-proofs/red-before/a2c_completion_spans_are_frame_relative.txt	56d6347eb58530b3b4101e71bf3e95b3f774f14c991090ac6d91da4d7364ccc7
A2C/command-proofs/red-before/a2c_completion_storage_has_zero_retained_growth.txt	b40af54bab071ae0ccc99146a3912774c42ac84f96757796d12154f54b92053d
A2C/command-proofs/red-before/a2c_g10_labeled_suffix_is_exact_endpoint_absent.txt	c14442d5ce7d147cadc5e9c9a86920c07e5b3bd79c714a2d20326315df004956
A2C/command-proofs/red-before/a2c_g10_throw_suffix_is_exact_endpoint_absent.txt	ecf965953fb0f1521e5971a4a4bc9654f07cdaa6f7ccd7497bf2a718b69b82e7
A2C/command-proofs/red-before/a2c_g10_try_suffix_is_exact_endpoint_absent.txt	e58d44a99906ffdc1a7c218301676645c55be72188811bdf99effd02e31882b1
A2C/command-proofs/red-before/a2c_loop_completion_is_typed_unknown.txt	498a046f9221a1c0ae058e43ba8e7197d247fcf72a20fa3b95007cb98f16364a
A2C/command-proofs/red-before/a2c_switch_terminal_suffix_is_exact_endpoint_absent.txt	a3333ae6a0c3c732e041975fbaf8001d0c06f2a399246542a2d426131a264639
A2C/command-proofs/red-before/a2c_with_statement_completion_is_typed_unknown.txt	cae56de4e1647200cc66c99e0eb57151e82cd26a66fa6b39b4178e8347282e88
A2C/command-proofs/red-before/a2c_x05_catch_return_is_exact_and_not_a_hazard.txt	ac312564096bad6f335a803ba465962bb86f0cfd88ed247876c5839bdcee33fc
A2C/command-proofs/red-before/a2c_x05_fact_discriminates_while_public_result_stays_clean_warm.txt	2df58d468d82ade6065f747517ef8cdc07d9ac07eb5606b10f7bbbf5a90ebebc
A2C/command-proofs/red-before/a2c_x68_endpoint_undefined_is_exact_present.txt	8fc6b1826638fb5051e606700fa44b6e4d7cf0ef7850faf35cd35b9985b06c46
A2C/command-proofs/red-before/a2c_x68_fact_is_present_while_public_result_stays_exact_clean_warm.txt	8a1a4e1fffd7df987250b2e20cb3ed63e324f94b0db3289e33462bf3aa92a4d7
A2C/command-proofs/red-before/a2c_x80_endpoint_undefined_is_exact_present.txt	7a657c41b013baa928658596e60fc8fbd43806b7d5eb4f14d83b21696cefbcd0
A2C/command-proofs/red-before/a2c_x80_fact_is_present_while_public_result_stays_exact_clean_warm.txt	08b49369b790237b56b8b2e97a14ab54146f5f8969a49bc6bad8093be9c1d3e6
A2C/command-proofs/red-before/a2c_x88_fact_is_absent_while_public_result_stays_exact_clean_warm.txt	78bce81fb68a9453008ae41e44965bfeba07e46ffb7bfc1640606bc20d0e83ee
A2C/command-proofs/red-before/a2c_x88_outer_suffix_makes_endpoint_undefined_exact_absent.txt	1c1aca7791ef87358b610cb591f039d5ccc36195ba2b812af4c5e5bb71a92951
A2C/command-proofs/red-before/completion_65_sequential_targets_reuses_slots_exactly.txt	ee76beac8c42fbf8527016b9225f8d56c4845bfcb8b6f0e66b6143f221e1cb3e
A2C/command-proofs/red-before/completion_65_simultaneously_live_targets_is_typed_unknown.txt	bba523f9cd48a884088dfb2b23df829f5864a4176a4a138631f6ae02c5995d32
A2C/command-proofs/red-before/completion_fact_layout_is_locked.txt	a8af2f6a4d1f73e560aefbd76567fb6e61375a7f927ff680c61a012f8f829b45
A2C/command-proofs/red-before/completion_finally_abrupt_replaces_runtime_completion.txt	367cc86ed6402095173f73e46fdc9caef38a922a14a971d8829be1fae51a4d36
A2C/command-proofs/red-before/completion_if_unions_arms_and_missing_else_normal.txt	8ef37c0578d88a9c0b9fa89122d41f9a94f2a5eed5c160f461b9df534813f60c
A2C/command-proofs/red-before/completion_label_routes_only_matching_break.txt	49c15726492225e716c545b3804ba45a5900e4d4fae9c22ae360a584c6bb7309
A2C/command-proofs/red-before/completion_sequence_replaces_only_normal.txt	92cbd8861f754c5d6469bc7ea702b43ac2159ca74f9b72de5fd3af5046af9a24
A2C/command-proofs/red-before/completion_set_is_canonical_and_allocation_free.txt	e43c6cfa3910e660cccd24cebb414e1e5c757f34fd68e582d523fedecc5f486b
A2C/command-proofs/red-before/completion_switch_routes_own_break_and_preserves_foreign_break.txt	2e4d2dbe7b1765133292136ede2d6ada71b515407ac38cd808e2ef987089315f
A2C/command-proofs/red-before/completion_target_65_is_typed_unknown_not_truncated.txt	a8af2f6a4d1f73e560aefbd76567fb6e61375a7f927ff680c61a012f8f829b45
A2C/command-proofs/red-before/completion_transient_layout_is_locked.txt	dde2f5be36e2bdb5acf3a92af067cb1e7268eba03bab62f181e4f2d9dc179030
A2C/command-proofs/red-before/completion_try_routes_throw_into_catch.txt	74cfc03da310fc6f1fc0ab6a1cfec98397f984538d433a31e4aef50e52359be2
A2C/command-proofs/red-before/completion_unknown_is_disjoint_and_propagates.txt	e2e42db73ddb7992ec16622e45dcc796cf73c472e6a47a53e4ed3bf6e0464ad0
A2C/command-proofs/red-before/revision-red-index.txt	ed96183ff708b6121a01e619058d85d0c4827f7915898c448f762fe1937612c6
A2C/context-packet.md	72bbd3412957d54fd9770465de0e2e63b91265483199af2737d2df455985684d
A2C/latency-benchmark-record.md	eb3e0376fe677465391681ea0da969aef944946e6e110dda02cc82fd6d32f794
A2C/layout-stop-digests.sha256	f55e91c7eca8246f9004b2c404a725239703a71496cb9c07d3a9bfa56a343830
A2C/performance-stop-digests.sha256	d22af22fc64bc683f37bc38481af9cb62d1c5d37d4c1cbab2b5e4bdde282a5e7
A2C/remaining-evidence-not-run.md	7c8f12938d0e3300d786da8c0f9078bcb9309491f98ad26e45560bb54a77f4d6
A2/A2-exact-candidate-record.md	1d85d21fae8dfafa1d9936ba68049b115b12a7112e25be52a6f65fcd1ba14dfe
A2/A2-landing-equivalence.md	2b111046bdbb75431fa96be548f07800383f8176dab9924f6dbc0864d10f7dab
A2/canonical-verification.md	b0d1518b27c11612c83d6b534ee17a761f96c3d78a5d2fed27e980bd8a5e794b
A2/command-proofs/00-baseline-corpus-green.txt	e41508050d949ce06f9a0106c9e3a36e7e45d1a8fc4c453c7dec57cc53647e28
A2/command-proofs/01-red-lane-checker-derived-pins.txt	1c0e793524d05d289c967e9d1a02b3272bc3c5da55669260717d3978458bedfd
A2/command-proofs/02-matrix-cell-dump-measurements.txt	6fe627748fb67b8cc657be362085d395310ef882af8c7f467d2109633ff3fa18
A2/command-proofs/03-negative-controls-green.txt	bffff7156a46e63ee8ef7bd2dd568c3f3283298d0f40db3c089e6e64efb16aee
A2/command-proofs/04-green-all-u6-flow-after-repins.txt	299f54a25473dff4d1993677956fb6796e6bfa96a6365c31f5046ab8a846019e
A2/command-proofs/05-full-verter-session-lib-green.txt	9632cff9f07d38b15506410b8c973a4a241495c8be77e064255da9eb71b39d8f
A2/command-proofs/06-green-candidate-2744b4081-u6-flow.txt	10d939d18915685bd0c37ec6b21bf73dad281e4cd9cac5289eee205a71c48941
A2/command-proofs/07-final-gate-candidate-2744b4081-stderr.txt	e86a1c50bb274728bb39947d76753f00fa3747641362e985b951f4b00d022406
A2/command-proofs/07-final-gate-candidate-2744b4081-stdout.txt	e3b0c44298fc1c149afbf4c8996fb92427ae41e4649b934ca495991b7852b855
A2/command-proofs/07-gate-pid.txt	03fbccf972176a3f2bd68161542ce8a8ff07f45b809878ddb28ecad6358fac6c
A2/command-proofs/07a-gate-first-candidate-054445dde-FAIL-stderr.txt	c9af6e5f222cc34ea84a82b4e46eec100176d46a03c6d8206f96f56217a94fc3
A2/command-proofs/07a-gate-first-candidate-054445dde-FAIL-stdout.txt	e3b0c44298fc1c149afbf4c8996fb92427ae41e4649b934ca495991b7852b855
A2/command-proofs/07a-gate-first-candidate-pid.txt	c5032b409dcf3902b992f3a42d78084384bb44bfddbcc0f43462850ca268047c
A2/command-proofs/20-comparator-mutation-matrix/B1_first_from_cache.log	111526de1ae5df393f215d5749bbb3c71bea76cb869c597fbfa26044ec972649
A2/command-proofs/20-comparator-mutation-matrix/B2_first_cold_computes.log	36087d8661050ecabc70ea27f2e4cd740190c773aa51d11a673f8a15e5762af9
A2/command-proofs/20-comparator-mutation-matrix/B3_degradation_guard.log	450facafd0c1bbd3f973c60a165764719be4bf24364e5454372fa985def9653b
A2/command-proofs/20-comparator-mutation-matrix/B4_json_guard.log	1a6d15b15526d815529b6786dfb6fc6824e3d961ff2b78c7d9cbec62b6c70920
A2/command-proofs/20-comparator-mutation-matrix/B5_warm_from_cache.log	aa1f73bf11732af6eba9aced9923363c941d25ca25ac3dd189624af1cbb0d0b7
A2/command-proofs/20-comparator-mutation-matrix/B6_warm_cold_computes.log	3536ffd4d7b5ba8ea40617a7fb61b4254a483585cc80cdc9c96bbbfd31c796ad
A2/command-proofs/20-comparator-mutation-matrix/B7_no_poison.log	c5fbd66a2003050743d392123322ce3c6cc1ca67f8fa6873d99df664ea02b67e
A2/command-proofs/20-comparator-mutation-matrix/B8_replay_drift.log	be4577d461cea9db4fcf394a1db151690e2d465e35bbfcd4464bad3e820bcbb5
A2/command-proofs/20-comparator-mutation-matrix/B9_error_carrier.log	2064e705252b454b57c087517b3f97cff253daba62b39e6b3f51a8ca1f5a0839
A2/command-proofs/20-comparator-mutation-matrix/BR1_bare_ref_name.log	6ee9113717c072633ab44959770c60e0ec8f7f93c1900f7f1cec90bbdc6e2b6e
A2/command-proofs/20-comparator-mutation-matrix/I1_intersection_len.log	b5e08441a48dc83c5c2f699df6e4d6f07bf0fd836654beb2e7d4a085844dccbb
A2/command-proofs/20-comparator-mutation-matrix/I2_intersection_arm.log	af8d7d8f2930c3f9af10f9521d799495ea9e2fe7d9bad08407a6d69a5d66c3ad
A2/command-proofs/20-comparator-mutation-matrix/L1_literal_str_eq.log	e74fde63cbdecd5485f0a2de5c2478b0a6521f52e1ce180ea136912d63421ae6
A2/command-proofs/20-comparator-mutation-matrix/M1_novalue_pin_class.log	da20d95a0331525a3b9492fd403a83fffa71fd21f6d6589295d45dd14c7bb0e2
A2/command-proofs/20-comparator-mutation-matrix/M2_value_pin_vs_refusal.log	d7e25a8a762d0ae1931ae02e23190e0e02ea237c3bb46b180ced4ec7da32e113
A2/command-proofs/20-comparator-mutation-matrix/M3_rendered.log	f5669807f3519b9439df0ba38a22662c438da0cf601d30bedc9bdbd21ff92342
A2/command-proofs/20-comparator-mutation-matrix/M4_degradation.log	25bf0c87dd7279be74b1a11d661239561b26211fdde3dd69102bc5cb357ba3bf
A2/command-proofs/20-comparator-mutation-matrix/M5_warm_replay.log	a774408063c57382a411735ba043dcdfe8c63cf2b87c1a878d17de3e57d83a93
A2/command-proofs/20-comparator-mutation-matrix/O1_object_len.log	3b13896a4fbf71da0167af7cf8f457ae4d939ada1d755f76bca75872907f7454
A2/command-proofs/20-comparator-mutation-matrix/O2_object_key.log	8d3a8eb939e881938672d7002656c3439791999496ed127a65e3c72bcb10e4ad
A2/command-proofs/20-comparator-mutation-matrix/O3_object_value.log	d30e89528f89076f24a1177b43cfe52bb933e43cc5e1ac267a11dc865a8c7b98
A2/command-proofs/20-comparator-mutation-matrix/O4_object_injective.log	9321349677961404c585d4b9331663807c3ecdf2369d91b1c15839fde5d4ac55
A2/command-proofs/20-comparator-mutation-matrix/OP1_opaque_broaden.log	b295ddf5f7250ccbd38bbf1328fdaa729129f5705703c75f52ab49766c9851c3
A2/command-proofs/20-comparator-mutation-matrix/R1_decl_ref_name.log	6b701870c7cd22dac53ac0ced01307bfe8f74298379f6d0cc6426701b620a22c
A2/command-proofs/20-comparator-mutation-matrix/S2_signature_ret.log	b08348b82a320afec3db29051845fe530c4f78cb9d1db7c7602476c5416012b0
A2/command-proofs/20-comparator-mutation-matrix/T1_type_param_name.log	9a9324e2663181b31a128da9a288c9320eb85c321e0edad9c20754f3f0a6fedb
A2/command-proofs/20-comparator-mutation-matrix/U1_union_len.log	e68ab467e4f278a8d9a6ede1501a6e22b0290be33968631a0e56868fb152cf1f
A2/command-proofs/20-comparator-mutation-matrix/U2_union_member.log	3e1d058eca9f1d744438bb529af085f0053de0e40bbc68799e6ae5ac5d755a03
A2/command-proofs/20-comparator-mutation-matrix/summary-B4_json_guard.json	d5d2e37904b7581cd4401a954f3d43862dce40714601ae2a1b13302cec1c2f21
A2/command-proofs/20-comparator-mutation-matrix/summary-B8_replay_drift.json	6b338550d4e0d768fdba1e9123a4db66df2d254c989d558f2d1ff7ec738bb7a0
A2/command-proofs/20-comparator-mutation-matrix/summary-M1_novalue_pin_class.json	8487aad94eb15fbe82e65eb5076ed02c71108da35790e2d6d504136aeb648df6
A2/command-proofs/20-comparator-mutation-matrix/summary-M5_warm_replay.json	31b4d73a4ef9270980049aca76b5834a1ad50e2f455c705bd24eb8e2d4d62cf2
A2/command-proofs/20-comparator-mutation-matrix/summary-O1_object_len.json	d669fbccfa65166a2f9b44d4491afe58200e961de8358aaec35516a1865b3809
A2/command-proofs/20-comparator-mutation-matrix/summary-T1_type_param_name.json	ea22150320dc2ff6622b0333fcc058cc21d6dd31f3aa17343e31a1bb60aad9a5
A2/command-proofs/20-comparator-mutation-matrix/summary-U2_union_member.json	b189d652dbcf0124cf2c862a490f290ccd33eb7083f2168b6e192a879043180f
A2/command-proofs/20-comparator-mutation-matrix/summary.json	93b77e092f6451e70978e3c72f723d474866487f28e2a226aafa3f28e0367343
A2/command-proofs/21-green-candidate-eb441c9bf-u6-flow-tail.txt	c261cd4aa49c4c4a13c7883da71d61b538e768c0292d9ca8d85df6611d3a09be
A2/command-proofs/21-green-candidate-eb441c9bf-u6-flow.txt	e3b0c44298fc1c149afbf4c8996fb92427ae41e4649b934ca495991b7852b855
A2/command-proofs/22-dump-mode-fails-loud.txt	05babefbc281b4b1a1d578d7900380bde37c9d6f0228b9006440dd03d647df8b
A2/command-proofs/23-final-gate-candidate-eb441c9bf-stderr.txt	a8a6b6ab87cdcc4687d333abbbded158181d32cbfb082a60c32b3211c9e74284
A2/command-proofs/23-final-gate-candidate-eb441c9bf-stdout.txt	e3b0c44298fc1c149afbf4c8996fb92427ae41e4649b934ca495991b7852b855
A2/command-proofs/23-gate-pid.txt	890cb4aac6fbaf86ed050db7cf690f2927eca17a5e678c4870cfa332ea16676d
A2/command-proofs/30-round3-mutation-matrix/mutation-matrix.mjs	e396cb2947aa28c9cd82991eeb1926c5b75c774317cb98645faa92628336d8ff
A2/command-proofs/30-round3-mutation-matrix/mutation-results.json	bf0d768f67a08c564038fc6047b1231280c0ef64ba373b4d0f172b355921ddbe
A2/command-proofs/30-round3-mutation-matrix/mutation-results.log	18ce35d19b84c91d34072d3f75a0a4cb549fec68ed4749061cb50de280481a70
A2/command-proofs/31-green-candidate-5d779ef93-u6-flow.txt	fe8d8b69c74c1abb45334c52784d7b5d6f1a3abb3e469fcbdad48ae3f2a5c79a
A2/command-proofs/32-green-candidate-5d779ef93-session-lib.txt	bb331e7d0f88be7b0bac73a14847058336ca7014820eca418e58f905f216bea8
A2/command-proofs/33-green-candidate-5d779ef93-lib-ceiling.txt	92af7fb35ccd3f2cd58104e9fbb0620f06b5dd035c097dd8b4b386050e45e917
A2/command-proofs/40-canonical-nextest-workspace.txt	253ee567357423b2bc5ec69e13a83bc6feb127b23b3eb2ee5f4b3b8d1316bea2
A2/command-proofs/41-canonical-cargo-test-session.txt	9a1522b771d3f7a6ad79c03478f87a6e231c35906c1ade047b502d04e36eaf00
A2/command-proofs/50-final-blob-mutation-matrix/M-LIT.log	a0955875c420d9994e9d0ade2cfc4ef1d75480abb56d08dff407c83e5c3afe72
A2/command-proofs/50-final-blob-mutation-matrix/M-SIGKIND-CHECKER.log	df11d7191f15a37941e134d9434d106c936420e3b2f7b118450027ddfce735c7
A2/command-proofs/50-final-blob-mutation-matrix/M-SIGKIND-NODE.log	25922522424a5e82da0a843e6b2b8d921b863ebe6da4f79acf0508a777bbb981
A2/command-proofs/50-final-blob-mutation-matrix/results.json	693280632cb18e1797b594e9acd2f99ca104752c2b651f5f282bca640ad06d7e
A2/command-proofs/tsgo-probes/N25.ts	b0d66b2d3528e2ccc960e21d608dfe550eacbfbc3c0e5e19dc23da3f26c3fa42
A2/command-proofs/tsgo-probes/N26.ts	42ed201d0eff6fa6109c7c32c828e07134923535ef3cf0091607c8379e011c34
A2/command-proofs/tsgo-probes/X85.ts	c04cd3fca51b536728f5e29c78f30f2bee63ea4df7ce39bd2bac88fb267c503d
A2/command-proofs/tsgo-probes/X87.ts	321394ea22891ad48199ae321e8a49e81a769aa02353abcb30f1dec05acbde32
A2/command-proofs/tsgo-probes/X88.ts	4206726ec9abc38116dce65962ea889edb3b2cb9540475b481246e9432106464
A2/command-proofs/tsgo-probes/bind_const_never.ts	ce8e16514081b4557ed7bd6bf8ff523dd651d90ec3df9b5864e8ab7efe5f1574
A2/command-proofs/tsgo-probes/bind_param_after.ts	61e8e98265381389d5aed5deb6cfcc87c5d22b34c37bd0dd54778f295a388030
A2/command-proofs/tsgo-probes/bind_var_after.ts	07cac695aff1d14a7b4adc27b194e138cd9892e80b3d2ef9073db79701896ec8
A2/command-proofs/tsgo-probes/cont_if.ts	0bad735ecaec2b65b12f7e759a358ef1ca20bf456f6f6dcd91382f3afd77eb91
A2/command-proofs/tsgo-probes/cont_labeled.ts	a1a783f5d466dcc67e4c3a50ecb32eb987d2a4bff92619dbe4ea533cf02279a5
A2/command-proofs/tsgo-probes/cont_switch.ts	28b657614028ce619adc8e845ecc686f8ed557f7a12f7ba6cb55a56c2e61222f
A2/command-proofs/tsgo-probes/cont_try.ts	bd9a09f36df523fe8afbbe16096a426674aa6d76c8f7d2004d4e2910acdfe34b
A2/command-proofs/tsgo-probes/guard_typeof.ts	ea5dfb6ed6f48dd1057b3ff18647d42a16828f3b380d57e4b7e0d60a00abeabb
A2/command-proofs/tsgo-probes/pos_callarg.ts	0cc0d5b2ceea950772877d873a5b8b43e7b10792709da89cf0b1c6ab640e52aa
A2/command-proofs/tsgo-probes/pos_declarator.ts	1fdfc9639d9d38de2d0b9bdeccd91fc7890ab44a58744213b126908a4606d8fb
A2/command-proofs/tsgo-probes/pos_iftest.ts	06b3fdb334c886662a25149e67698621a465ab845f6140fbddb4f7529022c9ee
A2/command-proofs/tsgo-probes/pos_objectliteral.ts	f2f397bba73e406288849873ec96ded63c50d2b95443e17d6cd450965dfa4c7b
A2/command-proofs/tsgo-probes/pos_sequence.ts	ebe20ba7dc17a475b9c0590c61e978107cdeb386e25070ce1565a3b320d19ba4
A2/command-proofs/tsgo-probes/pos_shortcircuit.ts	239a7c333d3af9a0149edd6639af917d917088445fa219afa78c927151b72720
A2/command-proofs/tsgo-probes/pos_statement.ts	04196634921d0d3fe73c7548dcaa5bf04d5822a2e1325c7701ac81a756956399
A2/command-proofs/tsgo-probes/pos_template.ts	9be9c05ab7818ab79ad368408aa0cdc6091c3fdd2fc332f4200dfa9672c09908
A2/command-proofs/tsgo-probes/tim_after.ts	e1724eaa40d5b616dc2488d3cb5bce1486e39fcd7375e10004991833bb037713
A2/command-proofs/tsgo-probes/tim_before.ts	dade7e94cfaa15f869fc1059fddb6865933623b75e68babb5dc0e78c93115d9c
A2/command-proofs/tsgo-probes/tim_deeper.ts	d1014cfbe826a9527fdf34c120a5cf0203dc3c3763f8ad61ac94539ac9c9beda
A2/command-proofs/tsgo-probes/tim_sibling.ts	520c16877f5f4df234be21292b7522c0b9f79fe3f5622d3f3cb9a54754e81229
A2/command-proofs/tsgo-probes/tsgo-output.txt	37ee6a984f2bd795c092adb24fb5a4faa11ab621fa56191878ae437e555eb057
A2/context-packet.md	0eb414bf2795a8fb0727a5e226a509df6edaedddeb4b34df9ef0de683d6300fe
A2/digests.txt	cc11971194b2dc4df2a9f3c7026df6be140520d09fa99f1d2d4500064c6722bf
A2/environment.md	4073a205df0ac66c26bc8c5af9ca56dd50307a48d341f2a377ac5fe479433aad
A2/matrix-coverage.md	cebf06bbff15d207d4bdd3210bf9e1919f539f3f86d96f819eb6c5fb58daafdc
A2/mutation-campaign.md	86f8e506000c98f1f2e79355cd9167724fb401f742f240ce3bd28f7030898779
A2/mutation-driver.mjs	d8874deb7ce0c4ff50617c72d163dec7bdb040e1714200c5595c1494143bd80f
A2/oracle-profile-stamps.md	b4469706052e40e66f40c5ccfaee883ae0bc86b133cfa91f793b256320509d8c
A2/red-green-record.md	c85a98785690b35ed3b532033b3f4b80c8dbfff8c2e6ed0e9d0a2c277a4255ea
A3-SPEC.md	2b1312806772620404e9a9c9f77af942d8cee3057f725845e43b581a56b9648f
A3/A3-SPEC.md	dbf60f9d9905879f0f10d4fb5e8b3b446c235ab4a4c8730812ca406a6a927212
A3/A3-exact-candidate-record.md	f6a08bbde2115ee075fc88a8c1ceceb9f6ced1632f3c3a6142d6e077aa8d41da
A3/context-packet.md	5678270eabdfce85f38bac973d981e6e9144250dc76d5ce3aeedcbef63a2377a
A3/mutation-evidence.md	9e02312bbc68fc52b88e629ff0e7a6aeb11a191533dc0b7adae4a5d494cc799d
A3/run-mutations.ps1	1a42cf7b3a78cc717ae583764d128f768c0a6598c053299c123d427282ed9c7d
AMD-002-SPEC.md	82302c536e0cd7b7b93ba0c9776d84ab834bc0c693db4e55d4fbd0fce55ec2c4
guard-scope-ruling-macro-arg-producer.md	ccc77f590ad3bc76eab58f804f3259b62681938cfc62e8cab7eecdb7bc42706e
program-state.toml	e538209756feae7c2fa72b0d72a1bd9c6d3e84097bea44b94d34c6af77ccafca
