path	name	version	integrity	resolved	direct	dependencies	optional_dependencies	peer_dependencies
node_modules/@babel/helper-string-parser	@babel/helper-string-parser	7.29.7	sha512-Pb5ijPrZ89GDH8223L4UP8i6QApWxs04RbPQJTeWDV0/keR2E36MeKnyr6LYmUUvqRRI+Iv87SuF1W6ErINzYw==	https://registry.npmjs.org/@babel/helper-string-parser/-/helper-string-parser-7.29.7.tgz	no	-	-	-
node_modules/@babel/helper-validator-identifier	@babel/helper-validator-identifier	7.29.7	sha512-qehxGkRj55h/ff8EMaJ+cYhyaKlHIxqYDn682wQD7RNp9UujOQsHog2uS0r2vzr4pW+sXf90NeeayjcNaX3fFg==	https://registry.npmjs.org/@babel/helper-validator-identifier/-/helper-validator-identifier-7.29.7.tgz	no	-	-	-
node_modules/@babel/parser	@babel/parser	7.29.8	sha512-E8lTAYNB1KW+FH+VGJuZM1ioAx2E6oVlvQFRrf5P8ZZmsiJXYAD9vTFV7yyEURNzgh1dFqMZuO6tUwcARbqFCA==	https://registry.npmjs.org/@babel/parser/-/parser-7.29.8.tgz	no	@babel/types@7.29.8	-	-
node_modules/@babel/types	@babel/types	7.29.8	sha512-Vj1jF3cPfxg7OAfoI7QnVKLoILlm2JF9pnVHrX8qx7AHMiYWT+NDAA7jChlNgRS4WTLc/fD1lXLmPixluj+3Gg==	https://registry.npmjs.org/@babel/types/-/types-7.29.8.tgz	no	@babel/helper-string-parser@7.29.7,@babel/helper-validator-identifier@7.29.7	-	-
node_modules/@jridgewell/sourcemap-codec	@jridgewell/sourcemap-codec	1.5.5	sha512-cYQ9310grqxueWbl+WuIUIaiUaDcj7WOq5fVhEljNVgRfOUhY9fy2zTvfoqWsnebh8Sl70VScFbICvJnLKB0Og==	https://registry.npmjs.org/@jridgewell/sourcemap-codec/-/sourcemap-codec-1.5.5.tgz	no	-	-	-
node_modules/@vue/compiler-core	@vue/compiler-core	3.6.0-rc.5	sha512-OSOzR/4Mk8TMStNxFLFwcVjgFvvMGvlKEpboxv9W4ikQhsVLKEMTtzBVY5A11qwb6zGuwWJdCOeME5npmpURiQ==	https://registry.npmjs.org/@vue/compiler-core/-/compiler-core-3.6.0-rc.5.tgz	yes	@babel/parser@7.29.8,@vue/shared@3.6.0-rc.5,entities@7.0.1,estree-walker@2.0.2,source-map-js@1.2.1	-	-
node_modules/@vue/compiler-dom	@vue/compiler-dom	3.6.0-rc.5	sha512-QBONzGYH7o448rwz+8FUWW4Gm4Zw0EtNhtRooOw/KDFF+/hWz1VlGIpvU9Hjv5MXDMMCu+UsLXEYFtXTSHgIwg==	https://registry.npmjs.org/@vue/compiler-dom/-/compiler-dom-3.6.0-rc.5.tgz	yes	@vue/compiler-core@3.6.0-rc.5,@vue/shared@3.6.0-rc.5	-	-
node_modules/@vue/compiler-sfc	@vue/compiler-sfc	3.6.0-rc.5	sha512-o/IH60kRS8C06ek3tullJhm4sK3T6aDXQa8Dgq7qLxRCa5gXrIZMDO9+mZYy0THxAiTZs2tc/XwnKu0JqmSKRw==	https://registry.npmjs.org/@vue/compiler-sfc/-/compiler-sfc-3.6.0-rc.5.tgz	yes	@babel/parser@7.29.8,@vue/compiler-core@3.6.0-rc.5,@vue/compiler-dom@3.6.0-rc.5,@vue/compiler-ssr@3.6.0-rc.5,@vue/compiler-vapor@3.6.0-rc.5,@vue/shared@3.6.0-rc.5,estree-walker@2.0.2,magic-string@0.30.21,postcss@8.5.26,source-map-js@1.2.1	-	-
node_modules/@vue/compiler-ssr	@vue/compiler-ssr	3.6.0-rc.5	sha512-KBsxaO538LZeNARcaYeEwOE0Fl/gw2mEYB9+hK/Hrk7yUCq4WeS9V32HL84SiTY4S6WXrcKP0pXB6zW6zvjB6w==	https://registry.npmjs.org/@vue/compiler-ssr/-/compiler-ssr-3.6.0-rc.5.tgz	yes	@vue/compiler-dom@3.6.0-rc.5,@vue/shared@3.6.0-rc.5	-	-
node_modules/@vue/compiler-vapor	@vue/compiler-vapor	3.6.0-rc.5	sha512-UXnYH+4NhPmEmlWcHuiR+KjfpZCuG1CBkWXTSH5720p2jRGzuEGiMUAx7CtMXyIJ0QZwdzDV09xFs35zsgJeYA==	https://registry.npmjs.org/@vue/compiler-vapor/-/compiler-vapor-3.6.0-rc.5.tgz	yes	@babel/parser@7.29.8,@vue/compiler-dom@3.6.0-rc.5,@vue/shared@3.6.0-rc.5,estree-walker@2.0.2,source-map-js@1.2.1	-	-
node_modules/@vue/reactivity	@vue/reactivity	3.6.0-rc.5	sha512-FcTNjZwCU4VPAv7W/EJD/ckatgxFJ20jU6S2dGmJC9RS08HAvKB/IjtCQaE7HBuIC4oXQnnahkNuilrDFt0BWA==	https://registry.npmjs.org/@vue/reactivity/-/reactivity-3.6.0-rc.5.tgz	yes	@vue/shared@3.6.0-rc.5	-	-
node_modules/@vue/runtime-core	@vue/runtime-core	3.6.0-rc.5	sha512-NiT9xl/ndkTHASfQ9AjxDjTiClIZRmsIWb0orlKNnjHn6C09PNZX4V/c0Aewtlg8bouarpnV6JLbpg16gYMBJA==	https://registry.npmjs.org/@vue/runtime-core/-/runtime-core-3.6.0-rc.5.tgz	yes	@vue/reactivity@3.6.0-rc.5,@vue/shared@3.6.0-rc.5	-	-
node_modules/@vue/runtime-dom	@vue/runtime-dom	3.6.0-rc.5	sha512-E5A1z7UEoPvAmIpZopSJ5ji8A1wuP2cFHVc41ZN2w32FWV3CxFQVJG3VNSHwFs8lBQ8Ji5SDnkMCfJXHVzt0iQ==	https://registry.npmjs.org/@vue/runtime-dom/-/runtime-dom-3.6.0-rc.5.tgz	yes	@vue/reactivity@3.6.0-rc.5,@vue/runtime-core@3.6.0-rc.5,@vue/shared@3.6.0-rc.5,csstype@3.2.3	-	-
node_modules/@vue/runtime-vapor	@vue/runtime-vapor	3.6.0-rc.5	sha512-OmBf4R/SJ11h9ZXrpPThddh2SqTmyc9eCBLFSmH1rhfr/sVFMrrcxMXjFOX1Rn+Nlqiuf9pUx/hYwG2gY2uJHA==	https://registry.npmjs.org/@vue/runtime-vapor/-/runtime-vapor-3.6.0-rc.5.tgz	yes	@vue/reactivity@3.6.0-rc.5,@vue/shared@3.6.0-rc.5	-	@vue/runtime-dom@3.6.0-rc.5
node_modules/@vue/server-renderer	@vue/server-renderer	3.6.0-rc.5	sha512-esb8yrZjymuMO7Wqjp62B2cFCGvL1AkmlIp8KBsKowG+BOqzemOJHz1yhK7Tf3KE0LIEatDP/Gb4FZo+S/LwyQ==	https://registry.npmjs.org/@vue/server-renderer/-/server-renderer-3.6.0-rc.5.tgz	yes	@vue/compiler-ssr@3.6.0-rc.5,@vue/runtime-dom@3.6.0-rc.5,@vue/shared@3.6.0-rc.5	-	-
node_modules/@vue/shared	@vue/shared	3.6.0-rc.5	sha512-2dQ2+xAv7USEKgM5ckB2PrNc4pBcqYNCmkk8/RQtbpxpNDK0RvH0c9vG4rgqsvFS4wy3RXyj2ZfoAhldkgZ2dw==	https://registry.npmjs.org/@vue/shared/-/shared-3.6.0-rc.5.tgz	yes	-	-	-
node_modules/csstype	csstype	3.2.3	sha512-z1HGKcYy2xA8AGQfwrn0PAy+PB7X/GSj3UVJW9qKyn43xWa+gl5nXmU4qqLMRzWVLFC8KusUX8T/0kCiOYpAIQ==	https://registry.npmjs.org/csstype/-/csstype-3.2.3.tgz	no	-	-	-
node_modules/entities	entities	7.0.1	sha512-TWrgLOFUQTH994YUyl1yT4uyavY5nNB5muff+RtWaqNVCAK408b5ZnnbNAUEWLTCpum9w6arT70i1XdQ4UeOPA==	https://registry.npmjs.org/entities/-/entities-7.0.1.tgz	no	-	-	-
node_modules/estree-walker	estree-walker	2.0.2	sha512-Rfkk/Mp/DL7JVje3u18FxFujQlTNR2q6QfMSMB7AvCBx91NGj/ba3kCfza0f6dVDbw7YlRf/nDrn7pQrCCyQ/w==	https://registry.npmjs.org/estree-walker/-/estree-walker-2.0.2.tgz	no	-	-	-
node_modules/magic-string	magic-string	0.30.21	sha512-vd2F4YUyEXKGcLHoq+TEyCjxueSeHnFxyyjNp80yg0XV4vUhnDer/lvvlqM/arB5bXQN5K2/3oinyCRyx8T2CQ==	https://registry.npmjs.org/magic-string/-/magic-string-0.30.21.tgz	no	@jridgewell/sourcemap-codec@1.5.5	-	-
node_modules/nanoid	nanoid	3.3.18	sha512-DTg4MJbGMWkfi6VZFdNt2/caMbQy4Ou+Op/hJQvGEWcnVfoA1QA+xzRKAzw9jD6+GVOOeYr/mIcuDSdug6F6+w==	https://registry.npmjs.org/nanoid/-/nanoid-3.3.18.tgz	no	-	-	-
node_modules/picocolors	picocolors	1.1.1	sha512-xceH2snhtb5M9liqDsmEw56le376mTZkEX/jEb/RxNFyegNul7eNslCXP9FDj/Lcu0X8KEyMceP2ntpaHrDEVA==	https://registry.npmjs.org/picocolors/-/picocolors-1.1.1.tgz	no	-	-	-
node_modules/postcss	postcss	8.5.26	sha512-u82N74LFzG8ca+dD8puPnplTXoGH4fTPpVGuIbt36G3qvNlkvfD0lEAZSxaly3KX8TS/L1A1gsCEmvKmBcVbkQ==	https://registry.npmjs.org/postcss/-/postcss-8.5.26.tgz	no	nanoid@3.3.18,picocolors@1.1.1,source-map-js@1.2.1	-	-
node_modules/source-map-js	source-map-js	1.2.1	sha512-UXWMKhLOwVKb728IUtQPXxfYU+usdybtUrK/8uGE8CQMvrhOpwvzDBwj0QhSL7MQc7vIsISBG8VQ8+IDQxpfQA==	https://registry.npmjs.org/source-map-js/-/source-map-js-1.2.1.tgz	no	-	-	-
node_modules/vue	vue	3.6.0-rc.5	sha512-yM+CHEWSTc9FjJGIeViI86VVheHvJ3YaZrrXqlD7wX3S+8tNPR/vDMviGOv4ULIMTkzWWKWVRvylsytXbHBbNA==	https://registry.npmjs.org/vue/-/vue-3.6.0-rc.5.tgz	yes	@vue/compiler-dom@3.6.0-rc.5,@vue/compiler-sfc@3.6.0-rc.5,@vue/runtime-dom@3.6.0-rc.5,@vue/runtime-vapor@3.6.0-rc.5,@vue/server-renderer@3.6.0-rc.5,@vue/shared@3.6.0-rc.5	-	typescript=OMITTED_OPTIONAL_PEER
